protocol,backbone,seed,mAP_base_pp,mAP_abs_pp,mAP_norm_pp,mAP_normmatch_pp,mAP_random_pp,d_abs_pp,d_norm_pp,d_normmatch_pp,d_random_pp,d_abs_vs_normmatch_pp,d_abs_vs_random_pp,normmatch_factor,normmatch_gate,random_gate,normmatch_rtype,random_rtype,normmatch_config_sha,random_config_sha,base_path,abs_path,norm_path,normmatch_path,random_path
biwi_s,gru,42,20.4854,21.7335,20.7145,20.1497,20.678,1.2482,0.2291,-0.3357,0.1927,1.5838,1.0555,0.21329468488693237,0.1944202035665512,0.10744640231132507,norm_matched,random_matched,a884fdec3a3c5ff38dca35a121410406766e8ae9020b94990a60d71d1a72bd22,a884fdec3a3c5ff38dca35a121410406766e8ae9020b94990a60d71d1a72bd22,transg_official_biwi_layoutfix_20260808/biwi_s/gru/seed42/result.json,isrgru_pos_fix_20260808/biwi_s/isrgru/seed42/result.json,frame_norm_residual_20260812/results/biwi_s/isrgru_norm/seed42/result.json,frame_scale_controls_20260813/results/biwi_s/isrgru_normmatch/seed42/result.json,frame_scale_controls_20260813/results/biwi_s/isrgru_randommatch/seed42/result.json
biwi_s,gru,123,19.2705,20.8815,19.9333,19.1719,19.9058,1.611,0.6628,-0.0986,0.6353,1.7097,0.9758,0.21329468488693237,0.20297622680664062,0.10903190821409225,norm_matched,random_matched,a884fdec3a3c5ff38dca35a121410406766e8ae9020b94990a60d71d1a72bd22,a884fdec3a3c5ff38dca35a121410406766e8ae9020b94990a60d71d1a72bd22,transg_official_biwi_layoutfix_20260808/biwi_s/gru/seed123/result.json,isrgru_pos_fix_20260808/biwi_s/isrgru/seed123/result.json,frame_norm_residual_20260812/results/biwi_s/isrgru_norm/seed123/result.json,frame_scale_controls_20260813/results/biwi_s/isrgru_normmatch/seed123/result.json,frame_scale_controls_20260813/results/biwi_s/isrgru_randommatch/seed123/result.json
biwi_s,gru,2026,19.8729,20.3852,19.4518,18.8744,19.4064,0.5122,-0.4212,-0.9985,-0.4665,1.5108,0.9787,0.21329468488693237,0.20323513448238373,0.10813327133655548,norm_matched,random_matched,a884fdec3a3c5ff38dca35a121410406766e8ae9020b94990a60d71d1a72bd22,a884fdec3a3c5ff38dca35a121410406766e8ae9020b94990a60d71d1a72bd22,transg_official_biwi_layoutfix_20260808/biwi_s/gru/seed2026/result.json,isrgru_pos_fix_20260808/biwi_s/isrgru/seed2026/result.json,frame_norm_residual_20260812/results/biwi_s/isrgru_norm/seed2026/result.json,frame_scale_controls_20260813/results/biwi_s/isrgru_normmatch/seed2026/result.json,frame_scale_controls_20260813/results/biwi_s/isrgru_randommatch/seed2026/result.json
biwi_s,transformer,42,18.5473,19.6791,19.386,16.9876,19.3539,1.1318,0.8386,-1.5597,0.8066,2.6914,0.3252,0.21329468488693237,0.18495985865592957,0.10945962369441986,norm_matched,random_matched,a884fdec3a3c5ff38dca35a121410406766e8ae9020b94990a60d71d1a72bd22,a884fdec3a3c5ff38dca35a121410406766e8ae9020b94990a60d71d1a72bd22,transg_official_biwi_layoutfix_20260808/biwi_s/transformer/seed42/result.json,isr_transfer_pilot_20260805/biwi_s_isr_transformer_42/result.json,frame_norm_residual_20260812/results/biwi_s/isr_transformer_norm/seed42/result.json,frame_scale_controls_20260813/results/biwi_s/isr_transformer_normmatch/seed42/result.json,frame_scale_controls_20260813/results/biwi_s/isr_transformer_randommatch/seed42/result.json
biwi_s,transformer,123,15.9501,18.401,18.0258,17.195,17.8323,2.4509,2.0757,1.2449,1.8822,1.206,0.5688,0.21329468488693237,0.194065123796463,0.10922983288764954,norm_matched,random_matched,a884fdec3a3c5ff38dca35a121410406766e8ae9020b94990a60d71d1a72bd22,a884fdec3a3c5ff38dca35a121410406766e8ae9020b94990a60d71d1a72bd22,transg_official_biwi_layoutfix_20260808/biwi_s/transformer/seed123/result.json,isr_transfer_pilot_20260805/biwi_s_isr_transformer_123/result.json,frame_norm_residual_20260812/results/biwi_s/isr_transformer_norm/seed123/result.json,frame_scale_controls_20260813/results/biwi_s/isr_transformer_normmatch/seed123/result.json,frame_scale_controls_20260813/results/biwi_s/isr_transformer_randommatch/seed123/result.json
biwi_s,transformer,2026,16.0128,19.6976,19.2257,17.9404,19.1036,3.6848,3.2129,1.9276,3.0908,1.7573,0.5941,0.21329468488693237,0.19271107017993927,0.10870081186294556,norm_matched,random_matched,a884fdec3a3c5ff38dca35a121410406766e8ae9020b94990a60d71d1a72bd22,a884fdec3a3c5ff38dca35a121410406766e8ae9020b94990a60d71d1a72bd22,transg_official_biwi_layoutfix_20260808/biwi_s/transformer/seed2026/result.json,isr_transfer_pilot_20260805/biwi_s_isr_transformer_2026/result.json,frame_norm_residual_20260812/results/biwi_s/isr_transformer_norm/seed2026/result.json,frame_scale_controls_20260813/results/biwi_s/isr_transformer_normmatch/seed2026/result.json,frame_scale_controls_20260813/results/biwi_s/isr_transformer_randommatch/seed2026/result.json
biwi_w,gru,42,25.1754,26.2218,24.6987,22.8798,24.5839,1.0463,-0.4768,-2.2957,-0.5916,3.342,1.6379,0.21329468488693237,0.1944202035665512,0.10744640231132507,norm_matched,random_matched,1deaf43faceaf6527e0803c33bee3a9eba0d564b71137c8df99af0fc921f31b9,1deaf43faceaf6527e0803c33bee3a9eba0d564b71137c8df99af0fc921f31b9,transg_official_biwi_layoutfix_20260808/biwi_w/gru/seed42/result.json,isrgru_pos_fix_20260808/biwi_w/isrgru/seed42/result.json,frame_norm_residual_20260812/results/biwi_w/isrgru_norm/seed42/result.json,frame_scale_controls_20260813/results/biwi_w/isrgru_normmatch/seed42/result.json,frame_scale_controls_20260813/results/biwi_w/isrgru_randommatch/seed42/result.json
biwi_w,gru,123,23.3696,25.7197,24.0187,23.4822,24.0393,2.3501,0.6491,0.1127,0.6698,2.2375,1.6803,0.21329468488693237,0.20297622680664062,0.10903190821409225,norm_matched,random_matched,1deaf43faceaf6527e0803c33bee3a9eba0d564b71137c8df99af0fc921f31b9,1deaf43faceaf6527e0803c33bee3a9eba0d564b71137c8df99af0fc921f31b9,transg_official_biwi_layoutfix_20260808/biwi_w/gru/seed123/result.json,isrgru_pos_fix_20260808/biwi_w/isrgru/seed123/result.json,frame_norm_residual_20260812/results/biwi_w/isrgru_norm/seed123/result.json,frame_scale_controls_20260813/results/biwi_w/isrgru_normmatch/seed123/result.json,frame_scale_controls_20260813/results/biwi_w/isrgru_randommatch/seed123/result.json
biwi_w,gru,2026,23.4545,23.9727,22.5924,23.3652,22.4744,0.5182,-0.862,-0.0893,-0.9801,0.6075,1.4984,0.21329468488693237,0.20323513448238373,0.10813327133655548,norm_matched,random_matched,1deaf43faceaf6527e0803c33bee3a9eba0d564b71137c8df99af0fc921f31b9,1deaf43faceaf6527e0803c33bee3a9eba0d564b71137c8df99af0fc921f31b9,transg_official_biwi_layoutfix_20260808/biwi_w/gru/seed2026/result.json,isrgru_pos_fix_20260808/biwi_w/isrgru/seed2026/result.json,frame_norm_residual_20260812/results/biwi_w/isrgru_norm/seed2026/result.json,frame_scale_controls_20260813/results/biwi_w/isrgru_normmatch/seed2026/result.json,frame_scale_controls_20260813/results/biwi_w/isrgru_randommatch/seed2026/result.json
biwi_w,transformer,42,21.7985,20.5886,20.328,19.9477,20.3967,-1.21,-1.4706,-1.8509,-1.4019,0.6409,0.1919,0.21329468488693237,0.18495985865592957,0.10945962369441986,norm_matched,random_matched,1deaf43faceaf6527e0803c33bee3a9eba0d564b71137c8df99af0fc921f31b9,1deaf43faceaf6527e0803c33bee3a9eba0d564b71137c8df99af0fc921f31b9,transg_official_biwi_layoutfix_20260808/biwi_w/transformer/seed42/result.json,isr_transfer_pilot_20260805/biwi_w_isr_transformer_42/result.json,frame_norm_residual_20260812/results/biwi_w/isr_transformer_norm/seed42/result.json,frame_scale_controls_20260813/results/biwi_w/isr_transformer_normmatch/seed42/result.json,frame_scale_controls_20260813/results/biwi_w/isr_transformer_randommatch/seed42/result.json
biwi_w,transformer,123,19.5705,21.5976,20.8411,19.0513,21.1815,2.0271,1.2706,-0.5192,1.611,2.5462,0.416,0.21329468488693237,0.194065123796463,0.10922983288764954,norm_matched,random_matched,1deaf43faceaf6527e0803c33bee3a9eba0d564b71137c8df99af0fc921f31b9,1deaf43faceaf6527e0803c33bee3a9eba0d564b71137c8df99af0fc921f31b9,transg_official_biwi_layoutfix_20260808/biwi_w/transformer/seed123/result.json,isr_transfer_pilot_20260805/biwi_w_isr_transformer_123/result.json,frame_norm_residual_20260812/results/biwi_w/isr_transformer_norm/seed123/result.json,frame_scale_controls_20260813/results/biwi_w/isr_transformer_normmatch/seed123/result.json,frame_scale_controls_20260813/results/biwi_w/isr_transformer_randommatch/seed123/result.json
biwi_w,transformer,2026,19.993,22.9666,22.0597,21.4124,22.0353,2.9736,2.0667,1.4194,2.0423,1.5542,0.9313,0.21329468488693237,0.19271107017993927,0.10870081186294556,norm_matched,random_matched,1deaf43faceaf6527e0803c33bee3a9eba0d564b71137c8df99af0fc921f31b9,1deaf43faceaf6527e0803c33bee3a9eba0d564b71137c8df99af0fc921f31b9,transg_official_biwi_layoutfix_20260808/biwi_w/transformer/seed2026/result.json,isr_transfer_pilot_20260805/biwi_w_isr_transformer_2026/result.json,frame_norm_residual_20260812/results/biwi_w/isr_transformer_norm/seed2026/result.json,frame_scale_controls_20260813/results/biwi_w/isr_transformer_normmatch/seed2026/result.json,frame_scale_controls_20260813/results/biwi_w/isr_transformer_randommatch/seed2026/result.json
ias_a,gru,42,23.107,23.942,23.8659,23.7796,23.6884,0.835,0.7588,0.6726,0.5814,0.1623,0.2536,0.2536046802997589,0.19204404950141907,0.14382141828536987,norm_matched,random_matched,2ab88ec4ca87f5663f07fe58480d622a4798850f4011fe817740e3004c235cda,2ab88ec4ca87f5663f07fe58480d622a4798850f4011fe817740e3004c235cda,transg_official_ias_confirm_20260808/ias_a/gru/seed42/result.json,isrgru_pos_fix_20260808/ias_a/isrgru/seed42/result.json,frame_norm_residual_20260812/results/ias_a/isrgru_norm/seed42/result.json,frame_scale_controls_20260813/results/ias_a/isrgru_normmatch/seed42/result.json,frame_scale_controls_20260813/results/ias_a/isrgru_randommatch/seed42/result.json
ias_a,gru,123,24.1655,23.7784,23.36,24.0879,23.232,-0.3871,-0.8054,-0.0776,-0.9334,-0.3095,0.5464,0.2536046802997589,0.19430945813655853,0.14425890147686005,norm_matched,random_matched,2ab88ec4ca87f5663f07fe58480d622a4798850f4011fe817740e3004c235cda,2ab88ec4ca87f5663f07fe58480d622a4798850f4011fe817740e3004c235cda,transg_official_ias_confirm_20260808/ias_a/gru/seed123/result.json,isrgru_pos_fix_20260808/ias_a/isrgru/seed123/result.json,frame_norm_residual_20260812/results/ias_a/isrgru_norm/seed123/result.json,frame_scale_controls_20260813/results/ias_a/isrgru_normmatch/seed123/result.json,frame_scale_controls_20260813/results/ias_a/isrgru_randommatch/seed123/result.json
ias_a,gru,2026,23.5315,23.7399,23.615,23.8938,23.4731,0.2084,0.0835,0.3623,-0.0584,-0.1539,0.2668,0.2536046802997589,0.1942826509475708,0.14331457018852234,norm_matched,random_matched,2ab88ec4ca87f5663f07fe58480d622a4798850f4011fe817740e3004c235cda,2ab88ec4ca87f5663f07fe58480d622a4798850f4011fe817740e3004c235cda,transg_official_ias_confirm_20260808/ias_a/gru/seed2026/result.json,isrgru_pos_fix_20260808/ias_a/isrgru/seed2026/result.json,frame_norm_residual_20260812/results/ias_a/isrgru_norm/seed2026/result.json,frame_scale_controls_20260813/results/ias_a/isrgru_normmatch/seed2026/result.json,frame_scale_controls_20260813/results/ias_a/isrgru_randommatch/seed2026/result.json
ias_a,transformer,42,27.392,28.7,27.9285,28.8257,28.3963,1.308,0.5365,1.4337,1.0043,-0.1257,0.3037,0.2536046802997589,0.1865004301071167,0.14538772404193878,norm_matched,random_matched,2ab88ec4ca87f5663f07fe58480d622a4798850f4011fe817740e3004c235cda,2ab88ec4ca87f5663f07fe58480d622a4798850f4011fe817740e3004c235cda,isr_transfer_pilot_20260805/ias_a_transformer_42/result.json,isr_transfer_pilot_20260805/ias_a_isr_transformer_42/result.json,frame_norm_residual_20260812/results/ias_a/isr_transformer_norm/seed42/result.json,frame_scale_controls_20260813/results/ias_a/isr_transformer_normmatch/seed42/result.json,frame_scale_controls_20260813/results/ias_a/isr_transformer_randommatch/seed42/result.json
ias_a,transformer,123,29.7117,28.8627,28.6088,28.6492,28.3111,-0.849,-1.1029,-1.0626,-1.4006,0.2135,0.5516,0.2536046802997589,0.19577832520008087,0.14346744120121002,norm_matched,random_matched,2ab88ec4ca87f5663f07fe58480d622a4798850f4011fe817740e3004c235cda,2ab88ec4ca87f5663f07fe58480d622a4798850f4011fe817740e3004c235cda,isr_transfer_pilot_20260805/ias_a_transformer_123/result.json,isr_transfer_pilot_20260805/ias_a_isr_transformer_123/result.json,frame_norm_residual_20260812/results/ias_a/isr_transformer_norm/seed123/result.json,frame_scale_controls_20260813/results/ias_a/isr_transformer_normmatch/seed123/result.json,frame_scale_controls_20260813/results/ias_a/isr_transformer_randommatch/seed123/result.json
ias_a,transformer,2026,27.3572,28.1775,27.7712,29.2997,27.3688,0.8203,0.414,1.9425,0.0116,-1.1222,0.8088,0.2536046802997589,0.19072453677654266,0.14322277903556824,norm_matched,random_matched,2ab88ec4ca87f5663f07fe58480d622a4798850f4011fe817740e3004c235cda,2ab88ec4ca87f5663f07fe58480d622a4798850f4011fe817740e3004c235cda,isr_transfer_pilot_20260805/ias_a_transformer_2026/result.json,isr_transfer_pilot_20260805/ias_a_isr_transformer_2026/result.json,frame_norm_residual_20260812/results/ias_a/isr_transformer_norm/seed2026/result.json,frame_scale_controls_20260813/results/ias_a/isr_transformer_normmatch/seed2026/result.json,frame_scale_controls_20260813/results/ias_a/isr_transformer_randommatch/seed2026/result.json
ias_b,gru,42,22.3858,23.0953,22.8581,22.6027,22.7122,0.7096,0.4724,0.2169,0.3264,0.4927,0.3832,0.2536046802997589,0.19204404950141907,0.14382141828536987,norm_matched,random_matched,e27e76b9b8f940709438bc0c79623201c039349775b400e99a920b8e19cb3c3e,e27e76b9b8f940709438bc0c79623201c039349775b400e99a920b8e19cb3c3e,transg_official_ias_confirm_20260808/ias_b/gru/seed42/result.json,isrgru_pos_fix_20260808/ias_b/isrgru/seed42/result.json,frame_norm_residual_20260812/results/ias_b/isrgru_norm/seed42/result.json,frame_scale_controls_20260813/results/ias_b/isrgru_normmatch/seed42/result.json,frame_scale_controls_20260813/results/ias_b/isrgru_randommatch/seed42/result.json
ias_b,gru,123,23.4647,23.0597,22.6198,23.142,22.57,-0.405,-0.8449,-0.3227,-0.8947,-0.0823,0.4897,0.2536046802997589,0.19430945813655853,0.14425890147686005,norm_matched,random_matched,e27e76b9b8f940709438bc0c79623201c039349775b400e99a920b8e19cb3c3e,e27e76b9b8f940709438bc0c79623201c039349775b400e99a920b8e19cb3c3e,transg_official_ias_confirm_20260808/ias_b/gru/seed123/result.json,isrgru_pos_fix_20260808/ias_b/isrgru/seed123/result.json,frame_norm_residual_20260812/results/ias_b/isrgru_norm/seed123/result.json,frame_scale_controls_20260813/results/ias_b/isrgru_normmatch/seed123/result.json,frame_scale_controls_20260813/results/ias_b/isrgru_randommatch/seed123/result.json
ias_b,gru,2026,22.9847,23.1788,22.923,23.0849,22.8715,0.194,-0.0617,0.1001,-0.1132,0.0939,0.3073,0.2536046802997589,0.1942826509475708,0.14331457018852234,norm_matched,random_matched,e27e76b9b8f940709438bc0c79623201c039349775b400e99a920b8e19cb3c3e,e27e76b9b8f940709438bc0c79623201c039349775b400e99a920b8e19cb3c3e,transg_official_ias_confirm_20260808/ias_b/gru/seed2026/result.json,isrgru_pos_fix_20260808/ias_b/isrgru/seed2026/result.json,frame_norm_residual_20260812/results/ias_b/isrgru_norm/seed2026/result.json,frame_scale_controls_20260813/results/ias_b/isrgru_normmatch/seed2026/result.json,frame_scale_controls_20260813/results/ias_b/isrgru_randommatch/seed2026/result.json
ias_b,transformer,42,27.0176,27.6348,27.2703,27.5556,27.6249,0.6171,0.2527,0.538,0.6073,0.0791,0.0098,0.2536046802997589,0.1865004301071167,0.14538772404193878,norm_matched,random_matched,e27e76b9b8f940709438bc0c79623201c039349775b400e99a920b8e19cb3c3e,e27e76b9b8f940709438bc0c79623201c039349775b400e99a920b8e19cb3c3e,isr_transfer_pilot_20260805/ias_b_transformer_42/result.json,isr_transfer_pilot_20260805/ias_b_isr_transformer_42/result.json,frame_norm_residual_20260812/results/ias_b/isr_transformer_norm/seed42/result.json,frame_scale_controls_20260813/results/ias_b/isr_transformer_normmatch/seed42/result.json,frame_scale_controls_20260813/results/ias_b/isr_transformer_randommatch/seed42/result.json
ias_b,transformer,123,27.994,27.3892,27.0485,27.2519,27.0321,-0.6047,-0.9454,-0.7421,-0.9619,0.1374,0.3572,0.2536046802997589,0.19577832520008087,0.14346744120121002,norm_matched,random_matched,e27e76b9b8f940709438bc0c79623201c039349775b400e99a920b8e19cb3c3e,e27e76b9b8f940709438bc0c79623201c039349775b400e99a920b8e19cb3c3e,isr_transfer_pilot_20260805/ias_b_transformer_123/result.json,isr_transfer_pilot_20260805/ias_b_isr_transformer_123/result.json,frame_norm_residual_20260812/results/ias_b/isr_transformer_norm/seed123/result.json,frame_scale_controls_20260813/results/ias_b/isr_transformer_normmatch/seed123/result.json,frame_scale_controls_20260813/results/ias_b/isr_transformer_randommatch/seed123/result.json
ias_b,transformer,2026,26.7558,27.238,26.639,27.5467,26.3869,0.4822,-0.1168,0.7909,-0.3689,-0.3086,0.8512,0.2536046802997589,0.19072453677654266,0.14322277903556824,norm_matched,random_matched,e27e76b9b8f940709438bc0c79623201c039349775b400e99a920b8e19cb3c3e,e27e76b9b8f940709438bc0c79623201c039349775b400e99a920b8e19cb3c3e,isr_transfer_pilot_20260805/ias_b_transformer_2026/result.json,isr_transfer_pilot_20260805/ias_b_isr_transformer_2026/result.json,frame_norm_residual_20260812/results/ias_b/isr_transformer_norm/seed2026/result.json,frame_scale_controls_20260813/results/ias_b/isr_transformer_normmatch/seed2026/result.json,frame_scale_controls_20260813/results/ias_b/isr_transformer_randommatch/seed2026/result.json
kgbd,gru,42,16.2623,17.1147,16.3161,16.575,16.1578,0.8524,0.0538,0.3128,-0.1045,0.5397,0.957,0.2111819088459015,0.20130090415477753,0.13036304712295532,norm_matched,random_matched,373aa182ad2ddc988567509c4b2eb549035a552d887dfef4ed892c2e3a0887a0,373aa182ad2ddc988567509c4b2eb549035a552d887dfef4ed892c2e3a0887a0,transg_official_kgbd_confirm_20260808/gru/seed42/result.json,isrgru_pos_fix_20260808/kgbd/isrgru/seed42/result.json,frame_norm_residual_20260812/results/kgbd/isrgru_norm/seed42/result.json,frame_scale_controls_20260813/results/kgbd/isrgru_normmatch/seed42/result.json,frame_scale_controls_20260813/results/kgbd/isrgru_randommatch/seed42/result.json
kgbd,gru,123,16.3268,17.1651,16.2977,16.2489,16.056,0.8383,-0.0291,-0.0779,-0.2708,0.9162,1.1091,0.2111819088459015,0.2143777459859848,0.13047856092453003,norm_matched,random_matched,373aa182ad2ddc988567509c4b2eb549035a552d887dfef4ed892c2e3a0887a0,373aa182ad2ddc988567509c4b2eb549035a552d887dfef4ed892c2e3a0887a0,transg_official_kgbd_confirm_20260808/gru/seed123/result.json,isrgru_pos_fix_20260808/kgbd/isrgru/seed123/result.json,frame_norm_residual_20260812/results/kgbd/isrgru_norm/seed123/result.json,frame_scale_controls_20260813/results/kgbd/isrgru_normmatch/seed123/result.json,frame_scale_controls_20260813/results/kgbd/isrgru_randommatch/seed123/result.json
kgbd,gru,2026,16.4788,16.7753,15.9734,15.9361,15.764,0.2965,-0.5054,-0.5427,-0.7148,0.8391,1.0112,0.2111819088459015,0.2182411551475525,0.1334625482559204,norm_matched,random_matched,373aa182ad2ddc988567509c4b2eb549035a552d887dfef4ed892c2e3a0887a0,373aa182ad2ddc988567509c4b2eb549035a552d887dfef4ed892c2e3a0887a0,transg_official_kgbd_confirm_20260808/gru/seed2026/result.json,isrgru_pos_fix_20260808/kgbd/isrgru/seed2026/result.json,frame_norm_residual_20260812/results/kgbd/isrgru_norm/seed2026/result.json,frame_scale_controls_20260813/results/kgbd/isrgru_normmatch/seed2026/result.json,frame_scale_controls_20260813/results/kgbd/isrgru_randommatch/seed2026/result.json
kgbd,transformer,42,23.1317,24.6321,23.3695,23.1911,23.3349,1.5004,0.2377,0.0594,0.2032,1.441,1.2972,0.2111819088459015,0.19074343144893646,0.12029112130403519,norm_matched,random_matched,373aa182ad2ddc988567509c4b2eb549035a552d887dfef4ed892c2e3a0887a0,373aa182ad2ddc988567509c4b2eb549035a552d887dfef4ed892c2e3a0887a0,isr_transfer_pilot_20260805/transformer_42/result.json,isr_transfer_pilot_20260805/isr_transformer_42/result.json,frame_norm_residual_20260812/results/kgbd/isr_transformer_norm/seed42/result.json,frame_scale_controls_20260813/results/kgbd/isr_transformer_normmatch/seed42/result.json,frame_scale_controls_20260813/results/kgbd/isr_transformer_randommatch/seed42/result.json
kgbd,transformer,123,23.2588,24.1479,23.3704,22.9201,23.2984,0.8891,0.1116,-0.3387,0.0395,1.2278,0.8496,0.2111819088459015,0.202983096241951,0.12334368377923965,norm_matched,random_matched,373aa182ad2ddc988567509c4b2eb549035a552d887dfef4ed892c2e3a0887a0,373aa182ad2ddc988567509c4b2eb549035a552d887dfef4ed892c2e3a0887a0,isr_transfer_pilot_20260805/transformer_123/result.json,isr_transfer_pilot_20260805/isr_transformer_123/result.json,frame_norm_residual_20260812/results/kgbd/isr_transformer_norm/seed123/result.json,frame_scale_controls_20260813/results/kgbd/isr_transformer_normmatch/seed123/result.json,frame_scale_controls_20260813/results/kgbd/isr_transformer_randommatch/seed123/result.json
kgbd,transformer,2026,23.335,24.0599,23.3355,22.7291,23.331,0.7249,0.0005,-0.606,-0.004,1.3309,0.7289,0.2111819088459015,0.19797486066818237,0.11852440983057022,norm_matched,random_matched,373aa182ad2ddc988567509c4b2eb549035a552d887dfef4ed892c2e3a0887a0,373aa182ad2ddc988567509c4b2eb549035a552d887dfef4ed892c2e3a0887a0,isr_transfer_pilot_20260805/transformer_2026/result.json,isr_transfer_pilot_20260805/isr_transformer_2026/result.json,frame_norm_residual_20260812/results/kgbd/isr_transformer_norm/seed2026/result.json,frame_scale_controls_20260813/results/kgbd/isr_transformer_normmatch/seed2026/result.json,frame_scale_controls_20260813/results/kgbd/isr_transformer_randommatch/seed2026/result.json
kgbd_dedup,gru,42,16.1786,16.996,16.2181,16.4794,16.0756,0.8174,0.0394,0.3008,-0.103,0.5167,0.9204,0.2112089842557907,0.20099474489688873,0.1299062967300415,norm_matched,random_matched,32fbc0c0a33903381b3f0df63155ef260985f95d013f8e9cd2000878f659db70,32fbc0c0a33903381b3f0df63155ef260985f95d013f8e9cd2000878f659db70,kgbd_dedup_20260806/confirm_train_removal/gru_42/result.json,isrgru_pos_fix_20260808/kgbd_dedup/isrgru/seed42/result.json,frame_norm_residual_20260812/results/kgbd_dedup/isrgru_norm/seed42/result.json,frame_scale_controls_20260813/results/kgbd_dedup/isrgru_normmatch/seed42/result.json,frame_scale_controls_20260813/results/kgbd_dedup/isrgru_randommatch/seed42/result.json
kgbd_dedup,gru,123,16.283,17.0897,16.2353,16.1626,15.9926,0.8067,-0.0477,-0.1204,-0.2904,0.927,1.0971,0.2112089842557907,0.21440115571022034,0.12953780591487885,norm_matched,random_matched,32fbc0c0a33903381b3f0df63155ef260985f95d013f8e9cd2000878f659db70,32fbc0c0a33903381b3f0df63155ef260985f95d013f8e9cd2000878f659db70,kgbd_dedup_20260806/confirm_train_removal/gru_123/result.json,isrgru_pos_fix_20260808/kgbd_dedup/isrgru/seed123/result.json,frame_norm_residual_20260812/results/kgbd_dedup/isrgru_norm/seed123/result.json,frame_scale_controls_20260813/results/kgbd_dedup/isrgru_normmatch/seed123/result.json,frame_scale_controls_20260813/results/kgbd_dedup/isrgru_randommatch/seed123/result.json
kgbd_dedup,gru,2026,16.3622,16.6308,15.8536,15.8624,15.6399,0.2686,-0.5086,-0.4998,-0.7223,0.7683,0.9909,0.2112089842557907,0.21810658276081085,0.13419370353221893,norm_matched,random_matched,32fbc0c0a33903381b3f0df63155ef260985f95d013f8e9cd2000878f659db70,32fbc0c0a33903381b3f0df63155ef260985f95d013f8e9cd2000878f659db70,kgbd_dedup_20260806/confirm_train_removal/gru_2026/result.json,isrgru_pos_fix_20260808/kgbd_dedup/isrgru/seed2026/result.json,frame_norm_residual_20260812/results/kgbd_dedup/isrgru_norm/seed2026/result.json,frame_scale_controls_20260813/results/kgbd_dedup/isrgru_normmatch/seed2026/result.json,frame_scale_controls_20260813/results/kgbd_dedup/isrgru_randommatch/seed2026/result.json
kgbd_dedup,transformer,42,22.8517,24.4084,23.1471,22.914,23.1204,1.5568,0.2954,0.0624,0.2687,1.4944,1.288,0.2112089842557907,0.1909511685371399,0.11935783177614212,norm_matched,random_matched,32fbc0c0a33903381b3f0df63155ef260985f95d013f8e9cd2000878f659db70,32fbc0c0a33903381b3f0df63155ef260985f95d013f8e9cd2000878f659db70,kgbd_dedup_20260806/confirm_train_removal/transformer_42/result.json,kgbd_dedup_20260806/confirm_train_removal/isr_transformer_42/result.json,frame_norm_residual_20260812/results/kgbd_dedup/isr_transformer_norm/seed42/result.json,frame_scale_controls_20260813/results/kgbd_dedup/isr_transformer_normmatch/seed42/result.json,frame_scale_controls_20260813/results/kgbd_dedup/isr_transformer_randommatch/seed42/result.json
kgbd_dedup,transformer,123,23.087,24.1179,23.333,22.8396,23.219,1.0309,0.246,-0.2474,0.132,1.2783,0.8989,0.2112089842557907,0.2029259204864502,0.12336063385009766,norm_matched,random_matched,32fbc0c0a33903381b3f0df63155ef260985f95d013f8e9cd2000878f659db70,32fbc0c0a33903381b3f0df63155ef260985f95d013f8e9cd2000878f659db70,kgbd_dedup_20260806/confirm_train_removal/transformer_123/result.json,kgbd_dedup_20260806/confirm_train_removal/isr_transformer_123/result.json,frame_norm_residual_20260812/results/kgbd_dedup/isr_transformer_norm/seed123/result.json,frame_scale_controls_20260813/results/kgbd_dedup/isr_transformer_normmatch/seed123/result.json,frame_scale_controls_20260813/results/kgbd_dedup/isr_transformer_randommatch/seed123/result.json
kgbd_dedup,transformer,2026,23.1686,23.8492,23.1076,22.4619,23.1275,0.6806,-0.061,-0.7068,-0.0411,1.3873,0.7217,0.2112089842557907,0.19802583754062653,0.12124893069267273,norm_matched,random_matched,32fbc0c0a33903381b3f0df63155ef260985f95d013f8e9cd2000878f659db70,32fbc0c0a33903381b3f0df63155ef260985f95d013f8e9cd2000878f659db70,kgbd_dedup_20260806/confirm_train_removal/transformer_2026/result.json,kgbd_dedup_20260806/confirm_train_removal/isr_transformer_2026/result.json,frame_norm_residual_20260812/results/kgbd_dedup/isr_transformer_norm/seed2026/result.json,frame_scale_controls_20260813/results/kgbd_dedup/isr_transformer_normmatch/seed2026/result.json,frame_scale_controls_20260813/results/kgbd_dedup/isr_transformer_randommatch/seed2026/result.json
