protocol,arm,model,seed,mAP,path
biwi_s,baseline,gru,42,20.4854,transg_official_biwi_layoutfix_20260808/biwi_s/gru/seed42/result.json
biwi_s,baseline,transformer,42,18.5473,transg_official_biwi_layoutfix_20260808/biwi_s/transformer/seed42/result.json
biwi_s,baseline,gru,123,19.2705,transg_official_biwi_layoutfix_20260808/biwi_s/gru/seed123/result.json
biwi_s,baseline,transformer,123,15.9501,transg_official_biwi_layoutfix_20260808/biwi_s/transformer/seed123/result.json
biwi_s,baseline,gru,2026,19.8729,transg_official_biwi_layoutfix_20260808/biwi_s/gru/seed2026/result.json
biwi_s,baseline,transformer,2026,16.0128,transg_official_biwi_layoutfix_20260808/biwi_s/transformer/seed2026/result.json
biwi_s,baseline,gru,2027,20.6494,biwi_s/gru/seed2027/result.json
biwi_s,baseline,transformer,2027,18.0569,biwi_s/transformer/seed2027/result.json
biwi_s,baseline,gru,2028,19.3820,biwi_s/gru/seed2028/result.json
biwi_s,baseline,transformer,2028,18.8392,biwi_s/transformer/seed2028/result.json
biwi_s,absolute,isrgru,42,21.7335,isrgru_pos_fix_20260808/biwi_s/isrgru/seed42/result.json
biwi_s,absolute,isr_transformer,42,19.6791,isr_transfer_pilot_20260805/biwi_s_isr_transformer_42/result.json
biwi_s,absolute,isrgru,123,20.8815,isrgru_pos_fix_20260808/biwi_s/isrgru/seed123/result.json
biwi_s,absolute,isr_transformer,123,18.4010,isr_transfer_pilot_20260805/biwi_s_isr_transformer_123/result.json
biwi_s,absolute,isrgru,2026,20.3852,isrgru_pos_fix_20260808/biwi_s/isrgru/seed2026/result.json
biwi_s,absolute,isr_transformer,2026,19.6976,isr_transfer_pilot_20260805/biwi_s_isr_transformer_2026/result.json
biwi_s,absolute,isrgru,2027,21.1087,biwi_s/isrgru/seed2027/result.json
biwi_s,absolute,isr_transformer,2027,19.3727,biwi_s/isr_transformer/seed2027/result.json
biwi_s,absolute,isrgru,2028,22.2364,biwi_s/isrgru/seed2028/result.json
biwi_s,absolute,isr_transformer,2028,19.3206,biwi_s/isr_transformer/seed2028/result.json
biwi_s,normalized,isrgru_norm,42,20.7145,biwi_s/isrgru_norm/seed42/result.json
biwi_s,normalized,isr_transformer_norm,42,19.3860,biwi_s/isr_transformer_norm/seed42/result.json
biwi_s,normalized,isrgru_norm,123,19.9333,biwi_s/isrgru_norm/seed123/result.json
biwi_s,normalized,isr_transformer_norm,123,18.0258,biwi_s/isr_transformer_norm/seed123/result.json
biwi_s,normalized,isrgru_norm,2026,19.4518,biwi_s/isrgru_norm/seed2026/result.json
biwi_s,normalized,isr_transformer_norm,2026,19.2257,biwi_s/isr_transformer_norm/seed2026/result.json
biwi_s,normalized,isrgru_norm,2027,20.4298,biwi_s/isrgru_norm/seed2027/result.json
biwi_s,normalized,isr_transformer_norm,2027,18.2224,biwi_s/isr_transformer_norm/seed2027/result.json
biwi_s,normalized,isrgru_norm,2028,20.5359,biwi_s/isrgru_norm/seed2028/result.json
biwi_s,normalized,isr_transformer_norm,2028,18.7326,biwi_s/isr_transformer_norm/seed2028/result.json
biwi_s,norm_matched,isrgru_normmatch,42,20.1497,biwi_s/isrgru_normmatch/seed42/result.json
biwi_s,norm_matched,isr_transformer_normmatch,42,16.9876,biwi_s/isr_transformer_normmatch/seed42/result.json
biwi_s,norm_matched,isrgru_normmatch,123,19.1719,biwi_s/isrgru_normmatch/seed123/result.json
biwi_s,norm_matched,isr_transformer_normmatch,123,17.1950,biwi_s/isr_transformer_normmatch/seed123/result.json
biwi_s,norm_matched,isrgru_normmatch,2026,18.8744,biwi_s/isrgru_normmatch/seed2026/result.json
biwi_s,norm_matched,isr_transformer_normmatch,2026,17.9404,biwi_s/isr_transformer_normmatch/seed2026/result.json
biwi_s,norm_matched,isrgru_normmatch,2027,20.4491,biwi_s/isrgru_normmatch/seed2027/result.json
biwi_s,norm_matched,isr_transformer_normmatch,2027,18.9500,biwi_s/isr_transformer_normmatch/seed2027/result.json
biwi_s,norm_matched,isrgru_normmatch,2028,19.5988,biwi_s/isrgru_normmatch/seed2028/result.json
biwi_s,norm_matched,isr_transformer_normmatch,2028,19.3722,biwi_s/isr_transformer_normmatch/seed2028/result.json
biwi_s,random_matched,isrgru_randommatch,42,20.6780,biwi_s/isrgru_randommatch/seed42/result.json
biwi_s,random_matched,isr_transformer_randommatch,42,19.3539,biwi_s/isr_transformer_randommatch/seed42/result.json
biwi_s,random_matched,isrgru_randommatch,123,19.9058,biwi_s/isrgru_randommatch/seed123/result.json
biwi_s,random_matched,isr_transformer_randommatch,123,17.8323,biwi_s/isr_transformer_randommatch/seed123/result.json
biwi_s,random_matched,isrgru_randommatch,2026,19.4064,biwi_s/isrgru_randommatch/seed2026/result.json
biwi_s,random_matched,isr_transformer_randommatch,2026,19.1036,biwi_s/isr_transformer_randommatch/seed2026/result.json
biwi_s,random_matched,isrgru_randommatch,2027,20.2126,biwi_s/isrgru_randommatch/seed2027/result.json
biwi_s,random_matched,isr_transformer_randommatch,2027,18.6887,biwi_s/isr_transformer_randommatch/seed2027/result.json
biwi_s,random_matched,isrgru_randommatch,2028,20.3643,biwi_s/isrgru_randommatch/seed2028/result.json
biwi_s,random_matched,isr_transformer_randommatch,2028,18.5993,biwi_s/isr_transformer_randommatch/seed2028/result.json
biwi_w,baseline,gru,42,25.1754,transg_official_biwi_layoutfix_20260808/biwi_w/gru/seed42/result.json
biwi_w,baseline,transformer,42,21.7985,transg_official_biwi_layoutfix_20260808/biwi_w/transformer/seed42/result.json
biwi_w,baseline,gru,123,23.3696,transg_official_biwi_layoutfix_20260808/biwi_w/gru/seed123/result.json
biwi_w,baseline,transformer,123,19.5705,transg_official_biwi_layoutfix_20260808/biwi_w/transformer/seed123/result.json
biwi_w,baseline,gru,2026,23.4545,transg_official_biwi_layoutfix_20260808/biwi_w/gru/seed2026/result.json
biwi_w,baseline,transformer,2026,19.9930,transg_official_biwi_layoutfix_20260808/biwi_w/transformer/seed2026/result.json
biwi_w,baseline,gru,2027,23.8613,biwi_w/gru/seed2027/result.json
biwi_w,baseline,transformer,2027,20.7321,biwi_w/transformer/seed2027/result.json
biwi_w,baseline,gru,2028,22.7287,biwi_w/gru/seed2028/result.json
biwi_w,baseline,transformer,2028,20.2848,biwi_w/transformer/seed2028/result.json
biwi_w,absolute,isrgru,42,26.2218,isrgru_pos_fix_20260808/biwi_w/isrgru/seed42/result.json
biwi_w,absolute,isr_transformer,42,20.5886,isr_transfer_pilot_20260805/biwi_w_isr_transformer_42/result.json
biwi_w,absolute,isrgru,123,25.7197,isrgru_pos_fix_20260808/biwi_w/isrgru/seed123/result.json
biwi_w,absolute,isr_transformer,123,21.5976,isr_transfer_pilot_20260805/biwi_w_isr_transformer_123/result.json
biwi_w,absolute,isrgru,2026,23.9727,isrgru_pos_fix_20260808/biwi_w/isrgru/seed2026/result.json
biwi_w,absolute,isr_transformer,2026,22.9666,isr_transfer_pilot_20260805/biwi_w_isr_transformer_2026/result.json
biwi_w,absolute,isrgru,2027,25.1193,biwi_w/isrgru/seed2027/result.json
biwi_w,absolute,isr_transformer,2027,22.1850,biwi_w/isr_transformer/seed2027/result.json
biwi_w,absolute,isrgru,2028,25.8747,biwi_w/isrgru/seed2028/result.json
biwi_w,absolute,isr_transformer,2028,21.2511,biwi_w/isr_transformer/seed2028/result.json
biwi_w,normalized,isrgru_norm,42,24.6987,biwi_w/isrgru_norm/seed42/result.json
biwi_w,normalized,isr_transformer_norm,42,20.3280,biwi_w/isr_transformer_norm/seed42/result.json
biwi_w,normalized,isrgru_norm,123,24.0187,biwi_w/isrgru_norm/seed123/result.json
biwi_w,normalized,isr_transformer_norm,123,20.8411,biwi_w/isr_transformer_norm/seed123/result.json
biwi_w,normalized,isrgru_norm,2026,22.5924,biwi_w/isrgru_norm/seed2026/result.json
biwi_w,normalized,isr_transformer_norm,2026,22.0597,biwi_w/isr_transformer_norm/seed2026/result.json
biwi_w,normalized,isrgru_norm,2027,23.6146,biwi_w/isrgru_norm/seed2027/result.json
biwi_w,normalized,isr_transformer_norm,2027,21.2535,biwi_w/isr_transformer_norm/seed2027/result.json
biwi_w,normalized,isrgru_norm,2028,24.0770,biwi_w/isrgru_norm/seed2028/result.json
biwi_w,normalized,isr_transformer_norm,2028,21.4884,biwi_w/isr_transformer_norm/seed2028/result.json
biwi_w,norm_matched,isrgru_normmatch,42,22.8798,biwi_w/isrgru_normmatch/seed42/result.json
biwi_w,norm_matched,isr_transformer_normmatch,42,19.9477,biwi_w/isr_transformer_normmatch/seed42/result.json
biwi_w,norm_matched,isrgru_normmatch,123,23.4822,biwi_w/isrgru_normmatch/seed123/result.json
biwi_w,norm_matched,isr_transformer_normmatch,123,19.0513,biwi_w/isr_transformer_normmatch/seed123/result.json
biwi_w,norm_matched,isrgru_normmatch,2026,23.3652,biwi_w/isrgru_normmatch/seed2026/result.json
biwi_w,norm_matched,isr_transformer_normmatch,2026,21.4124,biwi_w/isr_transformer_normmatch/seed2026/result.json
biwi_w,norm_matched,isrgru_normmatch,2027,23.2409,biwi_w/isrgru_normmatch/seed2027/result.json
biwi_w,norm_matched,isr_transformer_normmatch,2027,21.9410,biwi_w/isr_transformer_normmatch/seed2027/result.json
biwi_w,norm_matched,isrgru_normmatch,2028,23.9499,biwi_w/isrgru_normmatch/seed2028/result.json
biwi_w,norm_matched,isr_transformer_normmatch,2028,22.8382,biwi_w/isr_transformer_normmatch/seed2028/result.json
biwi_w,random_matched,isrgru_randommatch,42,24.5839,biwi_w/isrgru_randommatch/seed42/result.json
biwi_w,random_matched,isr_transformer_randommatch,42,20.3967,biwi_w/isr_transformer_randommatch/seed42/result.json
biwi_w,random_matched,isrgru_randommatch,123,24.0393,biwi_w/isrgru_randommatch/seed123/result.json
biwi_w,random_matched,isr_transformer_randommatch,123,21.1815,biwi_w/isr_transformer_randommatch/seed123/result.json
biwi_w,random_matched,isrgru_randommatch,2026,22.4744,biwi_w/isrgru_randommatch/seed2026/result.json
biwi_w,random_matched,isr_transformer_randommatch,2026,22.0353,biwi_w/isr_transformer_randommatch/seed2026/result.json
biwi_w,random_matched,isrgru_randommatch,2027,23.4594,biwi_w/isrgru_randommatch/seed2027/result.json
biwi_w,random_matched,isr_transformer_randommatch,2027,21.5872,biwi_w/isr_transformer_randommatch/seed2027/result.json
biwi_w,random_matched,isrgru_randommatch,2028,23.9213,biwi_w/isrgru_randommatch/seed2028/result.json
biwi_w,random_matched,isr_transformer_randommatch,2028,20.7940,biwi_w/isr_transformer_randommatch/seed2028/result.json
ias_a,baseline,gru,42,23.1070,transg_official_ias_confirm_20260808/ias_a/gru/seed42/result.json
ias_a,baseline,transformer,42,27.3920,isr_transfer_pilot_20260805/ias_a_transformer_42/result.json
ias_a,baseline,gru,123,24.1655,transg_official_ias_confirm_20260808/ias_a/gru/seed123/result.json
ias_a,baseline,transformer,123,29.7117,isr_transfer_pilot_20260805/ias_a_transformer_123/result.json
ias_a,baseline,gru,2026,23.5315,transg_official_ias_confirm_20260808/ias_a/gru/seed2026/result.json
ias_a,baseline,transformer,2026,27.3572,isr_transfer_pilot_20260805/ias_a_transformer_2026/result.json
ias_a,baseline,gru,2027,23.7998,ias_a/gru/seed2027/result.json
ias_a,baseline,transformer,2027,29.3684,ias_a/transformer/seed2027/result.json
ias_a,baseline,gru,2028,23.9722,ias_a/gru/seed2028/result.json
ias_a,baseline,transformer,2028,29.1504,ias_a/transformer/seed2028/result.json
ias_a,absolute,isrgru,42,23.9420,isrgru_pos_fix_20260808/ias_a/isrgru/seed42/result.json
ias_a,absolute,isr_transformer,42,28.7000,isr_transfer_pilot_20260805/ias_a_isr_transformer_42/result.json
ias_a,absolute,isrgru,123,23.7784,isrgru_pos_fix_20260808/ias_a/isrgru/seed123/result.json
ias_a,absolute,isr_transformer,123,28.8627,isr_transfer_pilot_20260805/ias_a_isr_transformer_123/result.json
ias_a,absolute,isrgru,2026,23.7399,isrgru_pos_fix_20260808/ias_a/isrgru/seed2026/result.json
ias_a,absolute,isr_transformer,2026,28.1775,isr_transfer_pilot_20260805/ias_a_isr_transformer_2026/result.json
ias_a,absolute,isrgru,2027,24.0620,ias_a/isrgru/seed2027/result.json
ias_a,absolute,isr_transformer,2027,28.9166,ias_a/isr_transformer/seed2027/result.json
ias_a,absolute,isrgru,2028,24.4998,ias_a/isrgru/seed2028/result.json
ias_a,absolute,isr_transformer,2028,29.7945,ias_a/isr_transformer/seed2028/result.json
ias_a,normalized,isrgru_norm,42,23.8659,ias_a/isrgru_norm/seed42/result.json
ias_a,normalized,isr_transformer_norm,42,27.9285,ias_a/isr_transformer_norm/seed42/result.json
ias_a,normalized,isrgru_norm,123,23.3600,ias_a/isrgru_norm/seed123/result.json
ias_a,normalized,isr_transformer_norm,123,28.6088,ias_a/isr_transformer_norm/seed123/result.json
ias_a,normalized,isrgru_norm,2026,23.6150,ias_a/isrgru_norm/seed2026/result.json
ias_a,normalized,isr_transformer_norm,2026,27.7712,ias_a/isr_transformer_norm/seed2026/result.json
ias_a,normalized,isrgru_norm,2027,23.5988,ias_a/isrgru_norm/seed2027/result.json
ias_a,normalized,isr_transformer_norm,2027,29.0217,ias_a/isr_transformer_norm/seed2027/result.json
ias_a,normalized,isrgru_norm,2028,24.4522,ias_a/isrgru_norm/seed2028/result.json
ias_a,normalized,isr_transformer_norm,2028,29.9222,ias_a/isr_transformer_norm/seed2028/result.json
ias_a,norm_matched,isrgru_normmatch,42,23.7796,ias_a/isrgru_normmatch/seed42/result.json
ias_a,norm_matched,isr_transformer_normmatch,42,28.8257,ias_a/isr_transformer_normmatch/seed42/result.json
ias_a,norm_matched,isrgru_normmatch,123,24.0879,ias_a/isrgru_normmatch/seed123/result.json
ias_a,norm_matched,isr_transformer_normmatch,123,28.6492,ias_a/isr_transformer_normmatch/seed123/result.json
ias_a,norm_matched,isrgru_normmatch,2026,23.8938,ias_a/isrgru_normmatch/seed2026/result.json
ias_a,norm_matched,isr_transformer_normmatch,2026,29.2997,ias_a/isr_transformer_normmatch/seed2026/result.json
ias_a,norm_matched,isrgru_normmatch,2027,23.6098,ias_a/isrgru_normmatch/seed2027/result.json
ias_a,norm_matched,isr_transformer_normmatch,2027,27.9501,ias_a/isr_transformer_normmatch/seed2027/result.json
ias_a,norm_matched,isrgru_normmatch,2028,24.5661,ias_a/isrgru_normmatch/seed2028/result.json
ias_a,norm_matched,isr_transformer_normmatch,2028,29.7376,ias_a/isr_transformer_normmatch/seed2028/result.json
ias_a,random_matched,isrgru_randommatch,42,23.6884,ias_a/isrgru_randommatch/seed42/result.json
ias_a,random_matched,isr_transformer_randommatch,42,28.3963,ias_a/isr_transformer_randommatch/seed42/result.json
ias_a,random_matched,isrgru_randommatch,123,23.2320,ias_a/isrgru_randommatch/seed123/result.json
ias_a,random_matched,isr_transformer_randommatch,123,28.3111,ias_a/isr_transformer_randommatch/seed123/result.json
ias_a,random_matched,isrgru_randommatch,2026,23.4731,ias_a/isrgru_randommatch/seed2026/result.json
ias_a,random_matched,isr_transformer_randommatch,2026,27.3688,ias_a/isr_transformer_randommatch/seed2026/result.json
ias_a,random_matched,isrgru_randommatch,2027,23.6495,ias_a/isrgru_randommatch/seed2027/result.json
ias_a,random_matched,isr_transformer_randommatch,2027,28.7503,ias_a/isr_transformer_randommatch/seed2027/result.json
ias_a,random_matched,isrgru_randommatch,2028,24.3146,ias_a/isrgru_randommatch/seed2028/result.json
ias_a,random_matched,isr_transformer_randommatch,2028,29.6271,ias_a/isr_transformer_randommatch/seed2028/result.json
ias_b,baseline,gru,42,22.3858,transg_official_ias_confirm_20260808/ias_b/gru/seed42/result.json
ias_b,baseline,transformer,42,27.0176,isr_transfer_pilot_20260805/ias_b_transformer_42/result.json
ias_b,baseline,gru,123,23.4647,transg_official_ias_confirm_20260808/ias_b/gru/seed123/result.json
ias_b,baseline,transformer,123,27.9940,isr_transfer_pilot_20260805/ias_b_transformer_123/result.json
ias_b,baseline,gru,2026,22.9847,transg_official_ias_confirm_20260808/ias_b/gru/seed2026/result.json
ias_b,baseline,transformer,2026,26.7558,isr_transfer_pilot_20260805/ias_b_transformer_2026/result.json
ias_b,baseline,gru,2027,22.8273,ias_b/gru/seed2027/result.json
ias_b,baseline,transformer,2027,27.8252,ias_b/transformer/seed2027/result.json
ias_b,baseline,gru,2028,22.9844,ias_b/gru/seed2028/result.json
ias_b,baseline,transformer,2028,28.3318,ias_b/transformer/seed2028/result.json
ias_b,absolute,isrgru,42,23.0953,isrgru_pos_fix_20260808/ias_b/isrgru/seed42/result.json
ias_b,absolute,isr_transformer,42,27.6348,isr_transfer_pilot_20260805/ias_b_isr_transformer_42/result.json
ias_b,absolute,isrgru,123,23.0597,isrgru_pos_fix_20260808/ias_b/isrgru/seed123/result.json
ias_b,absolute,isr_transformer,123,27.3892,isr_transfer_pilot_20260805/ias_b_isr_transformer_123/result.json
ias_b,absolute,isrgru,2026,23.1788,isrgru_pos_fix_20260808/ias_b/isrgru/seed2026/result.json
ias_b,absolute,isr_transformer,2026,27.2380,isr_transfer_pilot_20260805/ias_b_isr_transformer_2026/result.json
ias_b,absolute,isrgru,2027,23.4720,ias_b/isrgru/seed2027/result.json
ias_b,absolute,isr_transformer,2027,27.6184,ias_b/isr_transformer/seed2027/result.json
ias_b,absolute,isrgru,2028,23.3765,ias_b/isrgru/seed2028/result.json
ias_b,absolute,isr_transformer,2028,28.8128,ias_b/isr_transformer/seed2028/result.json
ias_b,normalized,isrgru_norm,42,22.8581,ias_b/isrgru_norm/seed42/result.json
ias_b,normalized,isr_transformer_norm,42,27.2703,ias_b/isr_transformer_norm/seed42/result.json
ias_b,normalized,isrgru_norm,123,22.6198,ias_b/isrgru_norm/seed123/result.json
ias_b,normalized,isr_transformer_norm,123,27.0485,ias_b/isr_transformer_norm/seed123/result.json
ias_b,normalized,isrgru_norm,2026,22.9230,ias_b/isrgru_norm/seed2026/result.json
ias_b,normalized,isr_transformer_norm,2026,26.6390,ias_b/isr_transformer_norm/seed2026/result.json
ias_b,normalized,isrgru_norm,2027,23.0833,ias_b/isrgru_norm/seed2027/result.json
ias_b,normalized,isr_transformer_norm,2027,27.8617,ias_b/isr_transformer_norm/seed2027/result.json
ias_b,normalized,isrgru_norm,2028,23.2034,ias_b/isrgru_norm/seed2028/result.json
ias_b,normalized,isr_transformer_norm,2028,28.6708,ias_b/isr_transformer_norm/seed2028/result.json
ias_b,norm_matched,isrgru_normmatch,42,22.6027,ias_b/isrgru_normmatch/seed42/result.json
ias_b,norm_matched,isr_transformer_normmatch,42,27.5556,ias_b/isr_transformer_normmatch/seed42/result.json
ias_b,norm_matched,isrgru_normmatch,123,23.1420,ias_b/isrgru_normmatch/seed123/result.json
ias_b,norm_matched,isr_transformer_normmatch,123,27.2519,ias_b/isr_transformer_normmatch/seed123/result.json
ias_b,norm_matched,isrgru_normmatch,2026,23.0849,ias_b/isrgru_normmatch/seed2026/result.json
ias_b,norm_matched,isr_transformer_normmatch,2026,27.5467,ias_b/isr_transformer_normmatch/seed2026/result.json
ias_b,norm_matched,isrgru_normmatch,2027,22.8506,ias_b/isrgru_normmatch/seed2027/result.json
ias_b,norm_matched,isr_transformer_normmatch,2027,26.7702,ias_b/isr_transformer_normmatch/seed2027/result.json
ias_b,norm_matched,isrgru_normmatch,2028,23.7042,ias_b/isrgru_normmatch/seed2028/result.json
ias_b,norm_matched,isr_transformer_normmatch,2028,28.0006,ias_b/isr_transformer_normmatch/seed2028/result.json
ias_b,random_matched,isrgru_randommatch,42,22.7122,ias_b/isrgru_randommatch/seed42/result.json
ias_b,random_matched,isr_transformer_randommatch,42,27.6249,ias_b/isr_transformer_randommatch/seed42/result.json
ias_b,random_matched,isrgru_randommatch,123,22.5700,ias_b/isrgru_randommatch/seed123/result.json
ias_b,random_matched,isr_transformer_randommatch,123,27.0321,ias_b/isr_transformer_randommatch/seed123/result.json
ias_b,random_matched,isrgru_randommatch,2026,22.8715,ias_b/isrgru_randommatch/seed2026/result.json
ias_b,random_matched,isr_transformer_randommatch,2026,26.3869,ias_b/isr_transformer_randommatch/seed2026/result.json
ias_b,random_matched,isrgru_randommatch,2027,23.0259,ias_b/isrgru_randommatch/seed2027/result.json
ias_b,random_matched,isr_transformer_randommatch,2027,27.4922,ias_b/isr_transformer_randommatch/seed2027/result.json
ias_b,random_matched,isrgru_randommatch,2028,23.0907,ias_b/isrgru_randommatch/seed2028/result.json
ias_b,random_matched,isr_transformer_randommatch,2028,28.4707,ias_b/isr_transformer_randommatch/seed2028/result.json
kgbd,baseline,gru,42,16.2623,transg_official_kgbd_confirm_20260808/gru/seed42/result.json
kgbd,baseline,transformer,42,23.1317,isr_transfer_pilot_20260805/transformer_42/result.json
kgbd,baseline,gru,123,16.3268,transg_official_kgbd_confirm_20260808/gru/seed123/result.json
kgbd,baseline,transformer,123,23.2588,isr_transfer_pilot_20260805/transformer_123/result.json
kgbd,baseline,gru,2026,16.4788,transg_official_kgbd_confirm_20260808/gru/seed2026/result.json
kgbd,baseline,transformer,2026,23.3350,isr_transfer_pilot_20260805/transformer_2026/result.json
kgbd,baseline,gru,2027,15.8987,kgbd/gru/seed2027/result.json
kgbd,baseline,transformer,2027,23.0072,kgbd/transformer/seed2027/result.json
kgbd,baseline,gru,2028,15.7088,kgbd/gru/seed2028/result.json
kgbd,baseline,transformer,2028,23.4956,kgbd/transformer/seed2028/result.json
kgbd,absolute,isrgru,42,17.1147,isrgru_pos_fix_20260808/kgbd/isrgru/seed42/result.json
kgbd,absolute,isr_transformer,42,24.6321,isr_transfer_pilot_20260805/isr_transformer_42/result.json
kgbd,absolute,isrgru,123,17.1651,isrgru_pos_fix_20260808/kgbd/isrgru/seed123/result.json
kgbd,absolute,isr_transformer,123,24.1479,isr_transfer_pilot_20260805/isr_transformer_123/result.json
kgbd,absolute,isrgru,2026,16.7753,isrgru_pos_fix_20260808/kgbd/isrgru/seed2026/result.json
kgbd,absolute,isr_transformer,2026,24.0599,isr_transfer_pilot_20260805/isr_transformer_2026/result.json
kgbd,absolute,isrgru,2027,16.7347,kgbd/isrgru/seed2027/result.json
kgbd,absolute,isr_transformer,2027,23.2378,kgbd/isr_transformer/seed2027/result.json
kgbd,absolute,isrgru,2028,16.8312,kgbd/isrgru/seed2028/result.json
kgbd,absolute,isr_transformer,2028,23.4336,kgbd/isr_transformer/seed2028/result.json
kgbd,normalized,isrgru_norm,42,16.3161,kgbd/isrgru_norm/seed42/result.json
kgbd,normalized,isr_transformer_norm,42,23.3695,kgbd/isr_transformer_norm/seed42/result.json
kgbd,normalized,isrgru_norm,123,16.2977,kgbd/isrgru_norm/seed123/result.json
kgbd,normalized,isr_transformer_norm,123,23.3704,kgbd/isr_transformer_norm/seed123/result.json
kgbd,normalized,isrgru_norm,2026,15.9734,kgbd/isrgru_norm/seed2026/result.json
kgbd,normalized,isr_transformer_norm,2026,23.3355,kgbd/isr_transformer_norm/seed2026/result.json
kgbd,normalized,isrgru_norm,2027,15.8883,kgbd/isrgru_norm/seed2027/result.json
kgbd,normalized,isr_transformer_norm,2027,22.2981,kgbd/isr_transformer_norm/seed2027/result.json
kgbd,normalized,isrgru_norm,2028,16.2070,kgbd/isrgru_norm/seed2028/result.json
kgbd,normalized,isr_transformer_norm,2028,22.5752,kgbd/isr_transformer_norm/seed2028/result.json
kgbd,norm_matched,isrgru_normmatch,42,16.5750,kgbd/isrgru_normmatch/seed42/result.json
kgbd,norm_matched,isr_transformer_normmatch,42,23.1911,kgbd/isr_transformer_normmatch/seed42/result.json
kgbd,norm_matched,isrgru_normmatch,123,16.2489,kgbd/isrgru_normmatch/seed123/result.json
kgbd,norm_matched,isr_transformer_normmatch,123,22.9201,kgbd/isr_transformer_normmatch/seed123/result.json
kgbd,norm_matched,isrgru_normmatch,2026,15.9361,kgbd/isrgru_normmatch/seed2026/result.json
kgbd,norm_matched,isr_transformer_normmatch,2026,22.7291,kgbd/isr_transformer_normmatch/seed2026/result.json
kgbd,norm_matched,isrgru_normmatch,2027,15.9874,kgbd/isrgru_normmatch/seed2027/result.json
kgbd,norm_matched,isr_transformer_normmatch,2027,22.7232,kgbd/isr_transformer_normmatch/seed2027/result.json
kgbd,norm_matched,isrgru_normmatch,2028,15.6695,kgbd/isrgru_normmatch/seed2028/result.json
kgbd,norm_matched,isr_transformer_normmatch,2028,22.5416,kgbd/isr_transformer_normmatch/seed2028/result.json
kgbd,random_matched,isrgru_randommatch,42,16.1578,kgbd/isrgru_randommatch/seed42/result.json
kgbd,random_matched,isr_transformer_randommatch,42,23.3349,kgbd/isr_transformer_randommatch/seed42/result.json
kgbd,random_matched,isrgru_randommatch,123,16.0560,kgbd/isrgru_randommatch/seed123/result.json
kgbd,random_matched,isr_transformer_randommatch,123,23.2984,kgbd/isr_transformer_randommatch/seed123/result.json
kgbd,random_matched,isrgru_randommatch,2026,15.7640,kgbd/isrgru_randommatch/seed2026/result.json
kgbd,random_matched,isr_transformer_randommatch,2026,23.3310,kgbd/isr_transformer_randommatch/seed2026/result.json
kgbd,random_matched,isrgru_randommatch,2027,15.6823,kgbd/isrgru_randommatch/seed2027/result.json
kgbd,random_matched,isr_transformer_randommatch,2027,22.2142,kgbd/isr_transformer_randommatch/seed2027/result.json
kgbd,random_matched,isrgru_randommatch,2028,15.9808,kgbd/isrgru_randommatch/seed2028/result.json
kgbd,random_matched,isr_transformer_randommatch,2028,22.5233,kgbd/isr_transformer_randommatch/seed2028/result.json
kgbd_dedup,baseline,gru,42,16.1786,kgbd_dedup_20260806/confirm_train_removal/gru_42/result.json
kgbd_dedup,baseline,transformer,42,22.8517,kgbd_dedup_20260806/confirm_train_removal/transformer_42/result.json
kgbd_dedup,baseline,gru,123,16.2830,kgbd_dedup_20260806/confirm_train_removal/gru_123/result.json
kgbd_dedup,baseline,transformer,123,23.0870,kgbd_dedup_20260806/confirm_train_removal/transformer_123/result.json
kgbd_dedup,baseline,gru,2026,16.3622,kgbd_dedup_20260806/confirm_train_removal/gru_2026/result.json
kgbd_dedup,baseline,transformer,2026,23.1686,kgbd_dedup_20260806/confirm_train_removal/transformer_2026/result.json
kgbd_dedup,baseline,gru,2027,15.7926,kgbd_dedup/gru/seed2027/result.json
kgbd_dedup,baseline,transformer,2027,22.9194,kgbd_dedup/transformer/seed2027/result.json
kgbd_dedup,baseline,gru,2028,15.6516,kgbd_dedup/gru/seed2028/result.json
kgbd_dedup,baseline,transformer,2028,23.2698,kgbd_dedup/transformer/seed2028/result.json
kgbd_dedup,absolute,isrgru,42,16.9960,isrgru_pos_fix_20260808/kgbd_dedup/isrgru/seed42/result.json
kgbd_dedup,absolute,isr_transformer,42,24.4084,kgbd_dedup_20260806/confirm_train_removal/isr_transformer_42/result.json
kgbd_dedup,absolute,isrgru,123,17.0897,isrgru_pos_fix_20260808/kgbd_dedup/isrgru/seed123/result.json
kgbd_dedup,absolute,isr_transformer,123,24.1179,kgbd_dedup_20260806/confirm_train_removal/isr_transformer_123/result.json
kgbd_dedup,absolute,isrgru,2026,16.6308,isrgru_pos_fix_20260808/kgbd_dedup/isrgru/seed2026/result.json
kgbd_dedup,absolute,isr_transformer,2026,23.8492,kgbd_dedup_20260806/confirm_train_removal/isr_transformer_2026/result.json
kgbd_dedup,absolute,isrgru,2027,16.6767,kgbd_dedup/isrgru/seed2027/result.json
kgbd_dedup,absolute,isr_transformer,2027,23.1378,kgbd_dedup/isr_transformer/seed2027/result.json
kgbd_dedup,absolute,isrgru,2028,16.6416,kgbd_dedup/isrgru/seed2028/result.json
kgbd_dedup,absolute,isr_transformer,2028,23.3556,kgbd_dedup/isr_transformer/seed2028/result.json
kgbd_dedup,normalized,isrgru_norm,42,16.2181,kgbd_dedup/isrgru_norm/seed42/result.json
kgbd_dedup,normalized,isr_transformer_norm,42,23.1471,kgbd_dedup/isr_transformer_norm/seed42/result.json
kgbd_dedup,normalized,isrgru_norm,123,16.2353,kgbd_dedup/isrgru_norm/seed123/result.json
kgbd_dedup,normalized,isr_transformer_norm,123,23.3330,kgbd_dedup/isr_transformer_norm/seed123/result.json
kgbd_dedup,normalized,isrgru_norm,2026,15.8536,kgbd_dedup/isrgru_norm/seed2026/result.json
kgbd_dedup,normalized,isr_transformer_norm,2026,23.1076,kgbd_dedup/isr_transformer_norm/seed2026/result.json
kgbd_dedup,normalized,isrgru_norm,2027,15.8278,kgbd_dedup/isrgru_norm/seed2027/result.json
kgbd_dedup,normalized,isr_transformer_norm,2027,22.1928,kgbd_dedup/isr_transformer_norm/seed2027/result.json
kgbd_dedup,normalized,isrgru_norm,2028,16.0369,kgbd_dedup/isrgru_norm/seed2028/result.json
kgbd_dedup,normalized,isr_transformer_norm,2028,22.4833,kgbd_dedup/isr_transformer_norm/seed2028/result.json
kgbd_dedup,norm_matched,isrgru_normmatch,42,16.4794,kgbd_dedup/isrgru_normmatch/seed42/result.json
kgbd_dedup,norm_matched,isr_transformer_normmatch,42,22.9140,kgbd_dedup/isr_transformer_normmatch/seed42/result.json
kgbd_dedup,norm_matched,isrgru_normmatch,123,16.1626,kgbd_dedup/isrgru_normmatch/seed123/result.json
kgbd_dedup,norm_matched,isr_transformer_normmatch,123,22.8396,kgbd_dedup/isr_transformer_normmatch/seed123/result.json
kgbd_dedup,norm_matched,isrgru_normmatch,2026,15.8624,kgbd_dedup/isrgru_normmatch/seed2026/result.json
kgbd_dedup,norm_matched,isr_transformer_normmatch,2026,22.4619,kgbd_dedup/isr_transformer_normmatch/seed2026/result.json
kgbd_dedup,norm_matched,isrgru_normmatch,2027,15.8955,kgbd_dedup/isrgru_normmatch/seed2027/result.json
kgbd_dedup,norm_matched,isr_transformer_normmatch,2027,22.4639,kgbd_dedup/isr_transformer_normmatch/seed2027/result.json
kgbd_dedup,norm_matched,isrgru_normmatch,2028,15.5207,kgbd_dedup/isrgru_normmatch/seed2028/result.json
kgbd_dedup,norm_matched,isr_transformer_normmatch,2028,22.4192,kgbd_dedup/isr_transformer_normmatch/seed2028/result.json
kgbd_dedup,random_matched,isrgru_randommatch,42,16.0756,kgbd_dedup/isrgru_randommatch/seed42/result.json
kgbd_dedup,random_matched,isr_transformer_randommatch,42,23.1204,kgbd_dedup/isr_transformer_randommatch/seed42/result.json
kgbd_dedup,random_matched,isrgru_randommatch,123,15.9926,kgbd_dedup/isrgru_randommatch/seed123/result.json
kgbd_dedup,random_matched,isr_transformer_randommatch,123,23.2190,kgbd_dedup/isr_transformer_randommatch/seed123/result.json
kgbd_dedup,random_matched,isrgru_randommatch,2026,15.6399,kgbd_dedup/isrgru_randommatch/seed2026/result.json
kgbd_dedup,random_matched,isr_transformer_randommatch,2026,23.1275,kgbd_dedup/isr_transformer_randommatch/seed2026/result.json
kgbd_dedup,random_matched,isrgru_randommatch,2027,15.6233,kgbd_dedup/isrgru_randommatch/seed2027/result.json
kgbd_dedup,random_matched,isr_transformer_randommatch,2027,22.1424,kgbd_dedup/isr_transformer_randommatch/seed2027/result.json
kgbd_dedup,random_matched,isrgru_randommatch,2028,15.8148,kgbd_dedup/isrgru_randommatch/seed2028/result.json
kgbd_dedup,random_matched,isr_transformer_randommatch,2028,22.4758,kgbd_dedup/isr_transformer_randommatch/seed2028/result.json
